ID,Location,Gender,Name,Date,Time
EVT0001,Bangalore,Female,Female01,5-Jan-23,9:05:23
EVT0002,Chennai,Male,Male01,5-Jan-23,9:11:03
EVT0003,Bangalore,Male,Male02,5-Jan-23,10:04:05
EVT0004,Bangalore,Female,Female02,5-Jan-23,10:39:09
EVT0005,Chennai,Female,Female03,5-Jan-23,11:14:13
EVT0006,Bangalore,Male,Male03,5-Jan-23,11:49:17
EVT0007,Hyderabad,Female,Female04,5-Jan-23,12:24:21
EVT0008,Hyderabad,Male,Male04,5-Jan-23,12:59:25
EVT0009,Chennai,Male,Male05,5-Jan-23,13:34:29
EVT0010,Hyderabad,Female,Female05,5-Jan-23,14:09:33
EVT0011,Bangalore,Male,Male06,5-Jan-23,14:44:37
EVT0012,Hyderabad,Male,Male07,5-Jan-23,15:19:41
EVT0013,Chennai,Female,Female06,5-Jan-23,15:54:45
EVT0014,Chennai,Female,Female07,5-Jan-23,16:29:49
EVT0015,Bangalore,Female,Female08,6-Jan-23,17:04:53
EVT0016,Chennai,Male,Male08,6-Jan-23,17:39:57
EVT0017,Chennai,Male,Male09,6-Jan-23,18:15:01
EVT0018,Bangalore,Female,Female09,6-Jan-23,18:50:05
EVT0019,Bangalore,Female,Female10,6-Jan-23,19:25:09
EVT0020,Hyderabad,Male,Male10,6-Jan-23,20:00:13
EVT0021,Chennai,Male,Male11,6-Jan-23,20:35:17
EVT0022,Hyderabad,Female,Female11,6-Jan-23,21:10:21
EVT0023,Hyderabad,Male,Male12,6-Jan-23,21:45:25
EVT0024,Bangalore,Female,Female12,6-Jan-23,22:20:29
EVT0025,Bangalore,Male,Male13,6-Jan-23,22:55:33
EVT0026,Hyderabad,Female,Female13,6-Jan-23,23:30:37
EVT0027,Hyderabad,Male,Male14,7-Jan-23,0:05:41
EVT0028,Hyderabad,Male,Male15,7-Jan-23,0:40:45
EVT0029,Hyderabad,Female,Female14,7-Jan-23,1:15:49
EVT0030,Chennai,Female,Female15,7-Jan-23,1:50:53
EVT0031,Chennai,Female,Female16,7-Jan-23,2:25:57
EVT0032,Chennai,Male,Male16,7-Jan-23,3:01:01
EVT0033,Chennai,Male,Male17,8-Jan-23,3:36:05
EVT0034,Bangalore,Male,Male18,8-Jan-23,4:11:09
EVT0035,Chennai,Male,Male19,8-Jan-23,4:46:13
EVT0036,Bangalore,Female,Female17,9-Jan-23,5:21:17
EVT0037,Hyderabad,Female,Female18,9-Jan-23,5:56:21
EVT0038,Hyderabad,Male,Male20,9-Jan-23,6:31:25
EVT0039,Chennai,Male,Male21,9-Jan-23,7:06:29
EVT0040,Bangalore,Male,Male22,9-Jan-23,7:41:33
EVT0041,Hyderabad,Female,Female19,9-Jan-23,8:16:37
EVT0042,Bangalore,Female,Female20,9-Jan-23,8:51:41
EVT0043,Chennai,Male,Male23,9-Jan-23,9:26:45
EVT0044,Bangalore,Female,Female21,9-Jan-23,10:01:49
EVT0045,Bangalore,Male,Male24,9-Jan-23,10:36:53
EVT0046,Chennai,Female,Female22,9-Jan-23,11:11:57
EVT0047,Chennai,Female,Female23,9-Jan-23,11:47:01
EVT0048,Hyderabad,Male,Male25,9-Jan-23,12:22:05
EVT0049,Hyderabad,Female,Female24,9-Jan-23,12:57:09
EVT0050,Chennai,Female,Female25,9-Jan-23,13:32:13